Analysis Start Date,01/01/2025
Analysis End Date,12/06/2025

Quarter Start Date,01/01/2024
Quarter End Date,12/31/2025


Week Start Date,11/30/2025
Week End Date,12/06/2025

Custom Start Date,11/01/2025
Custom End Date,11/28/2025


Month Start Date,11/01/2025
Month End Date,11/30/2025

Quarter Start Date,01/01/2024
Quarter End Date,12/31/2025
==================================================================
==================================================================






Annual Start Date,01/01/2024
Annual End Date,12/31/2025


Year,2025
Quarter,4
Month,11

